{
    "install": "messages/install.txt",
    "1.14.0": "messages/1.14.0.txt",
    "1.14.1": "messages/1.14.1.txt",
    "1.14.2": "messages/1.14.2.txt",
    "1.14.3": "messages/1.14.3.txt",
    "1.15.0": "messages/1.15.0.txt",
    "1.16.3": "messages/1.16.3.txt",
    "1.17.0": "messages/1.17.0.txt",
    "1.18.2": "messages/1.18.2.txt",
    "1.19.0": "messages/1.19.0.txt",
    "1.22.0": "messages/1.22.0.txt",
    "1.25.0": "messages/1.25.0.txt",
    "1.26.0": "messages/1.26.0.txt",
    "1.59.0": "messages/1.59.0.txt",
    "2.13.0": "messages/2.13.0.txt",
    "3.6.0": "messages/3.6.0.txt",
    "3.9.0": "messages/3.9.0.txt",
    "3.14.0": "messages/3.14.0.txt",
    "3.21.0": "messages/3.21.0.txt",
    "3.27.0": "messages/3.27.0.txt",
    "4.0.1": "messages/4.0.1.txt",
    "4.4.0": "messages/4.4.0.txt",
    "4.23.0": "messages/4.23.0.txt",
    "5.0.3": "messages/5.0.3.txt",
    "5.0.7": "messages/5.0.7.txt",
    "5.1.0": "messages/5.1.0.txt",
    "5.2.0": "messages/5.2.0.txt",
    "6.2.0": "messages/6.2.0.txt"
}